Metric,Value
Macro ROC-AUC,0.9994315620504246
Weighted ROC-AUC,0.9994314436568851
